flow,src,src_port,dst,dst_port,protocol,timestamp,duration,total_fpackets,total_bpackets,total_fpktl,total_bpktl,min_fpktl,max_fpktl,mean_fpktl,std_fpktl,min_bpktl,max_bpktl,mean_bpktl,std_bpktl,flowBytesPerSecond,flowPktsPerSecond,mean_flowiat,std_flowiat,max_flowiat,min_flowiat,total_fiat,mean_fiat,std_fiat,max_fiat,min_fiat,total_biat,mean_biat,std_biat,max_biat,min_biat,fpsh_cnt,bpsh_cnt,furg_cnt,burg_cnt,total_fhlen,total_bhlen,fPktsPerSecond,bPktsPerSecond,min_flowpktl,max_flowpktl,mean_flowpktl,std_flowpktl,var_flowpktl,flow_fin,flow_syn,flow_rst,flow_psh,flow_ack,flow_urg,flow_cwr,flow_ece,downUpRatio,avgPacketSize,fAvgSegmentSize,bAvgSegmentSize,fAvgBytesPerBulk,fAvgPacketsPerBulk,fAvgBulkRate,bAvgBytesPerBulk,bAvgPacketsPerBulk,bAvgBulkRate,fSubFlowAvgPkts,fSubFlowAvgBytes,bSubFlowAvgPkts,bSubFlowAvgBytes,fInitWinSize,bInitWinSize,fDataPkts,fHeaderSizeMin,mean_active_s,std_active_s,max_active_s,min_active_s,mean_idle_s,std_idle_s,max_idle_s,min_idle_s,label
127.0.0.1:14110<->127.0.0.1:14110,127.0.0.1,14110,127.0.0.1,1729,TCP,0,1,1,1,1078,0,1078,1078,1078.0,0.0,0,0,1078.0,0.0,1078.0,1,0.0,0.0,0,0,0,0.0,0.0,1670912120.724311,1670912120.724311,0,0.0,0.0,1670912120.724311,0,0,0,0,0,0,0,1,1,1078,1078,1078.0,0.0,0.0,0,2,0,0,0,0,0,0,1,1078.0,1024.0,1024.0,0,0,0,0,0,0,1.0,1078.0,1.0,0.0,8192,8192,1,1064,0.0,0.0,0.0,0.0,0,0,0,0,None
127.0.0.1:42925<->127.0.0.1:42925,127.0.0.1,42925,127.0.0.1,1729,TCP,0,1,1,1,1078,0,1078,1078,1078.0,0.0,0,0,1078.0,0.0,1078.0,1,0.0,0.0,0,0,0,0.0,0.0,1670912120.729099,1670912120.729099,0,0.0,0.0,1670912120.729099,0,0,0,0,0,0,0,1,1,1078,1078,1078.0,0.0,0.0,0,2,0,0,0,0,0,0,1,1078.0,1024.0,1024.0,0,0,0,0,0,0,1.0,1078.0,1.0,0.0,8192,8192,1,1064,0.0,0.0,0.0,0.0,0,0,0,0,None
127.0.0.1:32998<->127.0.0.1:32998,127.0.0.1,32998,127.0.0.1,1729,TCP,0,1,1,1,1078,0,1078,1078,1078.0,0.0,0,0,1078.0,0.0,1078.0,1,0.0,0.0,0,0,0,0.0,0.0,1670912120.732892,1670912120.732892,0,0.0,0.0,1670912120.732892,0,0,0,0,0,0,0,1,1,1078,1078,1078.0,0.0,0.0,0,2,0,0,0,0,0,0,1,1078.0,1024.0,1024.0,0,0,0,0,0,0,1.0,1078.0,1.0,0.0,8192,8192,1,1064,0.0,0.0,0.0,0.0,0,0,0,0,None
127.0.0.1:45932<->127.0.0.1:45932,127.0.0.1,45932,127.0.0.1,1729,TCP,0,1,1,1,1078,0,1078,1078,1078.0,0.0,0,0,1078.0,0.0,1078.0,1,0.0,0.0,0,0,0,0.0,0.0,1670912120.731723,1670912120.731723,0,0.0,0.0,1670912120.731723,0,0,0,0,0,0,0,1,1,1078,1078,1078.0,0.0,0.0,0,2,0,0,0,0,0,0,1,1078.0,1024.0,1024.0,0,0,0,0,0,0,1.0,1078.0,1.0,0.0,8192,8192,1,1064,0.0,0.0,0.0,0.0,0,0,0,0,None
127.0.0.1:19743<->127.0.0.1:19743,127.0.0.1,19743,127.0.0.1,1729,TCP,0,1,1,1,1078,0,1078,1078,1078.0,0.0,0,0,1078.0,0.0,1078.0,1,0.0,0.0,0,0,0,0.0,0.0,1670912120.722401,1670912120.722401,0,0.0,0.0,1670912120.722401,0,0,0,0,0,0,0,1,1,1078,1078,1078.0,0.0,0.0,0,2,0,0,0,0,0,0,1,1078.0,1024.0,1024.0,0,0,0,0,0,0,1.0,1078.0,1.0,0.0,8192,8192,1,1064,0.0,0.0,0.0,0.0,0,0,0,0,None
127.0.0.1:47878<->127.0.0.1:47878,127.0.0.1,47878,127.0.0.1,1729,TCP,0,1,1,1,1078,0,1078,1078,1078.0,0.0,0,0,1078.0,0.0,1078.0,1,0.0,0.0,0,0,0,0.0,0.0,1670912120.730514,1670912120.730514,0,0.0,0.0,1670912120.730514,0,0,0,0,0,0,0,1,1,1078,1078,1078.0,0.0,0.0,0,2,0,0,0,0,0,0,1,1078.0,1024.0,1024.0,0,0,0,0,0,0,1.0,1078.0,1.0,0.0,8192,8192,1,1064,0.0,0.0,0.0,0.0,0,0,0,0,None
127.0.0.1:35015<->127.0.0.1:35015,127.0.0.1,35015,127.0.0.1,1729,TCP,0,1,1,1,1078,0,1078,1078,1078.0,0.0,0,0,1078.0,0.0,1078.0,1,0.0,0.0,0,0,0,0.0,0.0,1670912120.734027,1670912120.734027,0,0.0,0.0,1670912120.734027,0,0,0,0,0,0,0,1,1,1078,1078,1078.0,0.0,0.0,0,2,0,0,0,0,0,0,1,1078.0,1024.0,1024.0,0,0,0,0,0,0,1.0,1078.0,1.0,0.0,8192,8192,1,1064,0.0,0.0,0.0,0.0,0,0,0,0,None
127.0.0.1:22027<->127.0.0.1:22027,127.0.0.1,22027,127.0.0.1,1729,TCP,0,1,1,1,1078,0,1078,1078,1078.0,0.0,0,0,1078.0,0.0,1078.0,1,0.0,0.0,0,0,0,0.0,0.0,1670912120.735300,1670912120.735300,0,0.0,0.0,1670912120.735300,0,0,0,0,0,0,0,1,1,1078,1078,1078.0,0.0,0.0,0,2,0,0,0,0,0,0,1,1078.0,1024.0,1024.0,0,0,0,0,0,0,1.0,1078.0,1.0,0.0,8192,8192,1,1064,0.0,0.0,0.0,0.0,0,0,0,0,None
127.0.0.1:2662<->127.0.0.1:2662,127.0.0.1,2662,127.0.0.1,1729,TCP,0,1,1,1,1078,0,1078,1078,1078.0,0.0,0,0,1078.0,0.0,1078.0,1,0.0,0.0,0,0,0,0.0,0.0,1670912120.737923,1670912120.737923,0,0.0,0.0,1670912120.737923,0,0,0,0,0,0,0,1,1,1078,1078,1078.0,0.0,0.0,0,2,0,0,0,0,0,0,1,1078.0,1024.0,1024.0,0,0,0,0,0,0,1.0,1078.0,1.0,0.0,8192,8192,1,1064,0.0,0.0,0.0,0.0,0,0,0,0,None
127.0.0.1:1704<->127.0.0.1:1704,127.0.0.1,1704,127.0.0.1,1729,TCP,0,1,1,1,1078,0,1078,1078,1078.0,0.0,0,0,1078.0,0.0,1078.0,1,0.0,0.0,0,0,0,0.0,0.0,1670912120.740095,1670912120.740095,0,0.0,0.0,1670912120.740095,0,0,0,0,0,0,0,1,1,1078,1078,1078.0,0.0,0.0,0,2,0,0,0,0,0,0,1,1078.0,1024.0,1024.0,0,0,0,0,0,0,1.0,1078.0,1.0,0.0,8192,8192,1,1064,0.0,0.0,0.0,0.0,0,0,0,0,None
127.0.0.1:616<->127.0.0.1:616,127.0.0.1,616,127.0.0.1,1729,TCP,0,1,1,1,1078,0,1078,1078,1078.0,0.0,0,0,1078.0,0.0,1078.0,1,0.0,0.0,0,0,0,0.0,0.0,1670912120.736402,1670912120.736402,0,0.0,0.0,1670912120.736402,0,0,0,0,0,0,0,1,1,1078,1078,1078.0,0.0,0.0,0,2,0,0,0,0,0,0,1,1078.0,1024.0,1024.0,0,0,0,0,0,0,1.0,1078.0,1.0,0.0,8192,8192,1,1064,0.0,0.0,0.0,0.0,0,0,0,0,None
127.0.0.1:2766<->127.0.0.1:2766,127.0.0.1,2766,127.0.0.1,1729,TCP,0,1,1,1,1078,0,1078,1078,1078.0,0.0,0,0,1078.0,0.0,1078.0,1,0.0,0.0,0,0,0,0.0,0.0,1670912120.742853,1670912120.742853,0,0.0,0.0,1670912120.742853,0,0,0,0,0,0,0,1,1,1078,1078,1078.0,0.0,0.0,0,2,0,0,0,0,0,0,1,1078.0,1024.0,1024.0,0,0,0,0,0,0,1.0,1078.0,1.0,0.0,8192,8192,1,1064,0.0,0.0,0.0,0.0,0,0,0,0,None
127.0.0.1:19928<->127.0.0.1:19928,127.0.0.1,19928,127.0.0.1,1729,TCP,0,1,1,1,1078,0,1078,1078,1078.0,0.0,0,0,1078.0,0.0,1078.0,1,0.0,0.0,0,0,0,0.0,0.0,1670912120.744015,1670912120.744015,0,0.0,0.0,1670912120.744015,0,0,0,0,0,0,0,1,1,1078,1078,1078.0,0.0,0.0,0,2,0,0,0,0,0,0,1,1078.0,1024.0,1024.0,0,0,0,0,0,0,1.0,1078.0,1.0,0.0,8192,8192,1,1064,0.0,0.0,0.0,0.0,0,0,0,0,None
127.0.0.1:25579<->127.0.0.1:25579,127.0.0.1,25579,127.0.0.1,1729,TCP,0,1,1,1,1078,0,1078,1078,1078.0,0.0,0,0,1078.0,0.0,1078.0,1,0.0,0.0,0,0,0,0.0,0.0,1670912120.746273,1670912120.746273,0,0.0,0.0,1670912120.746273,0,0,0,0,0,0,0,1,1,1078,1078,1078.0,0.0,0.0,0,2,0,0,0,0,0,0,1,1078.0,1024.0,1024.0,0,0,0,0,0,0,1.0,1078.0,1.0,0.0,8192,8192,1,1064,0.0,0.0,0.0,0.0,0,0,0,0,None
127.0.0.1:1079<->127.0.0.1:1079,127.0.0.1,1079,127.0.0.1,1729,TCP,0,1,1,1,1078,0,1078,1078,1078.0,0.0,0,0,1078.0,0.0,1078.0,1,0.0,0.0,0,0,0,0.0,0.0,1670912120.745110,1670912120.745110,0,0.0,0.0,1670912120.745110,0,0,0,0,0,0,0,1,1,1078,1078,1078.0,0.0,0.0,0,2,0,0,0,0,0,0,1,1078.0,1024.0,1024.0,0,0,0,0,0,0,1.0,1078.0,1.0,0.0,8192,8192,1,1064,0.0,0.0,0.0,0.0,0,0,0,0,None
127.0.0.1:43704<->127.0.0.1:43704,127.0.0.1,43704,127.0.0.1,1729,TCP,0,1,1,1,1078,0,1078,1078,1078.0,0.0,0,0,1078.0,0.0,1078.0,1,0.0,0.0,0,0,0,0.0,0.0,1670912120.747405,1670912120.747405,0,0.0,0.0,1670912120.747405,0,0,0,0,0,0,0,1,1,1078,1078,1078.0,0.0,0.0,0,2,0,0,0,0,0,0,1,1078.0,1024.0,1024.0,0,0,0,0,0,0,1.0,1078.0,1.0,0.0,8192,8192,1,1064,0.0,0.0,0.0,0.0,0,0,0,0,None
127.0.0.1:5891<->127.0.0.1:5891,127.0.0.1,5891,127.0.0.1,1729,TCP,0,1,1,1,1078,0,1078,1078,1078.0,0.0,0,0,1078.0,0.0,1078.0,1,0.0,0.0,0,0,0,0.0,0.0,1670912120.748686,1670912120.748686,0,0.0,0.0,1670912120.748686,0,0,0,0,0,0,0,1,1,1078,1078,1078.0,0.0,0.0,0,2,0,0,0,0,0,0,1,1078.0,1024.0,1024.0,0,0,0,0,0,0,1.0,1078.0,1.0,0.0,8192,8192,1,1064,0.0,0.0,0.0,0.0,0,0,0,0,None
127.0.0.1:57994<->127.0.0.1:57994,127.0.0.1,57994,127.0.0.1,1729,TCP,0,1,1,1,1078,0,1078,1078,1078.0,0.0,0,0,1078.0,0.0,1078.0,1,0.0,0.0,0,0,0,0.0,0.0,1670912120.749732,1670912120.749732,0,0.0,0.0,1670912120.749732,0,0,0,0,0,0,0,1,1,1078,1078,1078.0,0.0,0.0,0,2,0,0,0,0,0,0,1,1078.0,1024.0,1024.0,0,0,0,0,0,0,1.0,1078.0,1.0,0.0,8192,8192,1,1064,0.0,0.0,0.0,0.0,0,0,0,0,None
127.0.0.1:37902<->127.0.0.1:37902,127.0.0.1,37902,127.0.0.1,1729,TCP,0,1,1,1,1078,0,1078,1078,1078.0,0.0,0,0,1078.0,0.0,1078.0,1,0.0,0.0,0,0,0,0.0,0.0,1670912120.741524,1670912120.741524,0,0.0,0.0,1670912120.741524,0,0,0,0,0,0,0,1,1,1078,1078,1078.0,0.0,0.0,0,2,0,0,0,0,0,0,1,1078.0,1024.0,1024.0,0,0,0,0,0,0,1.0,1078.0,1.0,0.0,8192,8192,1,1064,0.0,0.0,0.0,0.0,0,0,0,0,None
127.0.0.1:59343<->127.0.0.1:59343,127.0.0.1,59343,127.0.0.1,1729,TCP,0,1,1,1,1078,0,1078,1078,1078.0,0.0,0,0,1078.0,0.0,1078.0,1,0.0,0.0,0,0,0,0.0,0.0,1670912120.750834,1670912120.750834,0,0.0,0.0,1670912120.750834,0,0,0,0,0,0,0,1,1,1078,1078,1078.0,0.0,0.0,0,2,0,0,0,0,0,0,1,1078.0,1024.0,1024.0,0,0,0,0,0,0,1.0,1078.0,1.0,0.0,8192,8192,1,1064,0.0,0.0,0.0,0.0,0,0,0,0,None
127.0.0.1:62230<->127.0.0.1:62230,127.0.0.1,62230,127.0.0.1,1729,TCP,0,1,1,1,1078,0,1078,1078,1078.0,0.0,0,0,1078.0,0.0,1078.0,1,0.0,0.0,0,0,0,0.0,0.0,1670912120.752625,1670912120.752625,0,0.0,0.0,1670912120.752625,0,0,0,0,0,0,0,1,1,1078,1078,1078.0,0.0,0.0,0,2,0,0,0,0,0,0,1,1078.0,1024.0,1024.0,0,0,0,0,0,0,1.0,1078.0,1.0,0.0,8192,8192,1,1064,0.0,0.0,0.0,0.0,0,0,0,0,None
127.0.0.1:54328<->127.0.0.1:54328,127.0.0.1,54328,127.0.0.1,1729,TCP,0,1,1,1,1078,0,1078,1078,1078.0,0.0,0,0,1078.0,0.0,1078.0,1,0.0,0.0,0,0,0,0.0,0.0,1670912120.751754,1670912120.751754,0,0.0,0.0,1670912120.751754,0,0,0,0,0,0,0,1,1,1078,1078,1078.0,0.0,0.0,0,2,0,0,0,0,0,0,1,1078.0,1024.0,1024.0,0,0,0,0,0,0,1.0,1078.0,1.0,0.0,8192,8192,1,1064,0.0,0.0,0.0,0.0,0,0,0,0,None
127.0.0.1:792<->127.0.0.1:792,127.0.0.1,792,127.0.0.1,1729,TCP,0,1,1,1,1078,0,1078,1078,1078.0,0.0,0,0,1078.0,0.0,1078.0,1,0.0,0.0,0,0,0,0.0,0.0,1670912120.753464,1670912120.753464,0,0.0,0.0,1670912120.753464,0,0,0,0,0,0,0,1,1,1078,1078,1078.0,0.0,0.0,0,2,0,0,0,0,0,0,1,1078.0,1024.0,1024.0,0,0,0,0,0,0,1.0,1078.0,1.0,0.0,8192,8192,1,1064,0.0,0.0,0.0,0.0,0,0,0,0,None
127.0.0.1:49068<->127.0.0.1:49068,127.0.0.1,49068,127.0.0.1,1729,TCP,0,1,1,1,1078,0,1078,1078,1078.0,0.0,0,0,1078.0,0.0,1078.0,1,0.0,0.0,0,0,0,0.0,0.0,1670912120.754467,1670912120.754467,0,0.0,0.0,1670912120.754467,0,0,0,0,0,0,0,1,1,1078,1078,1078.0,0.0,0.0,0,2,0,0,0,0,0,0,1,1078.0,1024.0,1024.0,0,0,0,0,0,0,1.0,1078.0,1.0,0.0,8192,8192,1,1064,0.0,0.0,0.0,0.0,0,0,0,0,None
127.0.0.1:22801<->127.0.0.1:22801,127.0.0.1,22801,127.0.0.1,1729,TCP,0,1,1,1,1078,0,1078,1078,1078.0,0.0,0,0,1078.0,0.0,1078.0,1,0.0,0.0,0,0,0,0.0,0.0,1670912120.757769,1670912120.757769,0,0.0,0.0,1670912120.757769,0,0,0,0,0,0,0,1,1,1078,1078,1078.0,0.0,0.0,0,2,0,0,0,0,0,0,1,1078.0,1024.0,1024.0,0,0,0,0,0,0,1.0,1078.0,1.0,0.0,8192,8192,1,1064,0.0,0.0,0.0,0.0,0,0,0,0,None
127.0.0.1:27778<->127.0.0.1:27778,127.0.0.1,27778,127.0.0.1,1729,TCP,0,1,1,1,1078,0,1078,1078,1078.0,0.0,0,0,1078.0,0.0,1078.0,1,0.0,0.0,0,0,0,0.0,0.0,1670912120.755836,1670912120.755836,0,0.0,0.0,1670912120.755836,0,0,0,0,0,0,0,1,1,1078,1078,1078.0,0.0,0.0,0,2,0,0,0,0,0,0,1,1078.0,1024.0,1024.0,0,0,0,0,0,0,1.0,1078.0,1.0,0.0,8192,8192,1,1064,0.0,0.0,0.0,0.0,0,0,0,0,None
127.0.0.1:29983<->127.0.0.1:29983,127.0.0.1,29983,127.0.0.1,1729,TCP,0,1,1,1,1078,0,1078,1078,1078.0,0.0,0,0,1078.0,0.0,1078.0,1,0.0,0.0,0,0,0,0.0,0.0,1670912120.757045,1670912120.757045,0,0.0,0.0,1670912120.757045,0,0,0,0,0,0,0,1,1,1078,1078,1078.0,0.0,0.0,0,2,0,0,0,0,0,0,1,1078.0,1024.0,1024.0,0,0,0,0,0,0,1.0,1078.0,1.0,0.0,8192,8192,1,1064,0.0,0.0,0.0,0.0,0,0,0,0,None
127.0.0.1:36696<->127.0.0.1:36696,127.0.0.1,36696,127.0.0.1,1729,TCP,0,1,1,1,1078,0,1078,1078,1078.0,0.0,0,0,1078.0,0.0,1078.0,1,0.0,0.0,0,0,0,0.0,0.0,1670912120.759954,1670912120.759954,0,0.0,0.0,1670912120.759954,0,0,0,0,0,0,0,1,1,1078,1078,1078.0,0.0,0.0,0,2,0,0,0,0,0,0,1,1078.0,1024.0,1024.0,0,0,0,0,0,0,1.0,1078.0,1.0,0.0,8192,8192,1,1064,0.0,0.0,0.0,0.0,0,0,0,0,None
127.0.0.1:54414<->127.0.0.1:54414,127.0.0.1,54414,127.0.0.1,1729,TCP,0,1,1,1,1078,0,1078,1078,1078.0,0.0,0,0,1078.0,0.0,1078.0,1,0.0,0.0,0,0,0,0.0,0.0,1670912120.759296,1670912120.759296,0,0.0,0.0,1670912120.759296,0,0,0,0,0,0,0,1,1,1078,1078,1078.0,0.0,0.0,0,2,0,0,0,0,0,0,1,1078.0,1024.0,1024.0,0,0,0,0,0,0,1.0,1078.0,1.0,0.0,8192,8192,1,1064,0.0,0.0,0.0,0.0,0,0,0,0,None
127.0.0.1:39818<->127.0.0.1:39818,127.0.0.1,39818,127.0.0.1,1729,TCP,0,1,1,1,1078,0,1078,1078,1078.0,0.0,0,0,1078.0,0.0,1078.0,1,0.0,0.0,0,0,0,0.0,0.0,1670912120.760597,1670912120.760597,0,0.0,0.0,1670912120.760597,0,0,0,0,0,0,0,1,1,1078,1078,1078.0,0.0,0.0,0,2,0,0,0,0,0,0,1,1078.0,1024.0,1024.0,0,0,0,0,0,0,1.0,1078.0,1.0,0.0,8192,8192,1,1064,0.0,0.0,0.0,0.0,0,0,0,0,None
127.0.0.1:9574<->127.0.0.1:9574,127.0.0.1,9574,127.0.0.1,1729,TCP,0,1,1,1,1078,0,1078,1078,1078.0,0.0,0,0,1078.0,0.0,1078.0,1,0.0,0.0,0,0,0,0.0,0.0,1670912120.761260,1670912120.761260,0,0.0,0.0,1670912120.761260,0,0,0,0,0,0,0,1,1,1078,1078,1078.0,0.0,0.0,0,2,0,0,0,0,0,0,1,1078.0,1024.0,1024.0,0,0,0,0,0,0,1.0,1078.0,1.0,0.0,8192,8192,1,1064,0.0,0.0,0.0,0.0,0,0,0,0,None
127.0.0.1:49483<->127.0.0.1:49483,127.0.0.1,49483,127.0.0.1,1729,TCP,0,1,1,1,1078,0,1078,1078,1078.0,0.0,0,0,1078.0,0.0,1078.0,1,0.0,0.0,0,0,0,0.0,0.0,1670912120.761925,1670912120.761925,0,0.0,0.0,1670912120.761925,0,0,0,0,0,0,0,1,1,1078,1078,1078.0,0.0,0.0,0,2,0,0,0,0,0,0,1,1078.0,1024.0,1024.0,0,0,0,0,0,0,1.0,1078.0,1.0,0.0,8192,8192,1,1064,0.0,0.0,0.0,0.0,0,0,0,0,None
127.0.0.1:36624<->127.0.0.1:36624,127.0.0.1,36624,127.0.0.1,1729,TCP,0,1,1,1,1078,0,1078,1078,1078.0,0.0,0,0,1078.0,0.0,1078.0,1,0.0,0.0,0,0,0,0.0,0.0,1670912120.762818,1670912120.762818,0,0.0,0.0,1670912120.762818,0,0,0,0,0,0,0,1,1,1078,1078,1078.0,0.0,0.0,0,2,0,0,0,0,0,0,1,1078.0,1024.0,1024.0,0,0,0,0,0,0,1.0,1078.0,1.0,0.0,8192,8192,1,1064,0.0,0.0,0.0,0.0,0,0,0,0,None
127.0.0.1:17602<->127.0.0.1:17602,127.0.0.1,17602,127.0.0.1,1729,TCP,0,1,1,1,1078,0,1078,1078,1078.0,0.0,0,0,1078.0,0.0,1078.0,1,0.0,0.0,0,0,0,0.0,0.0,1670912120.758601,1670912120.758601,0,0.0,0.0,1670912120.758601,0,0,0,0,0,0,0,1,1,1078,1078,1078.0,0.0,0.0,0,2,0,0,0,0,0,0,1,1078.0,1024.0,1024.0,0,0,0,0,0,0,1.0,1078.0,1.0,0.0,8192,8192,1,1064,0.0,0.0,0.0,0.0,0,0,0,0,None
127.0.0.1:32440<->127.0.0.1:32440,127.0.0.1,32440,127.0.0.1,1729,TCP,0,1,1,1,1078,0,1078,1078,1078.0,0.0,0,0,1078.0,0.0,1078.0,1,0.0,0.0,0,0,0,0.0,0.0,1670912120.763495,1670912120.763495,0,0.0,0.0,1670912120.763495,0,0,0,0,0,0,0,1,1,1078,1078,1078.0,0.0,0.0,0,2,0,0,0,0,0,0,1,1078.0,1024.0,1024.0,0,0,0,0,0,0,1.0,1078.0,1.0,0.0,8192,8192,1,1064,0.0,0.0,0.0,0.0,0,0,0,0,None
127.0.0.1:2377<->127.0.0.1:2377,127.0.0.1,2377,127.0.0.1,1729,TCP,0,1,1,1,1078,0,1078,1078,1078.0,0.0,0,0,1078.0,0.0,1078.0,1,0.0,0.0,0,0,0,0.0,0.0,1670912120.764171,1670912120.764171,0,0.0,0.0,1670912120.764171,0,0,0,0,0,0,0,1,1,1078,1078,1078.0,0.0,0.0,0,2,0,0,0,0,0,0,1,1078.0,1024.0,1024.0,0,0,0,0,0,0,1.0,1078.0,1.0,0.0,8192,8192,1,1064,0.0,0.0,0.0,0.0,0,0,0,0,None
127.0.0.1:30676<->127.0.0.1:30676,127.0.0.1,30676,127.0.0.1,1729,TCP,0,1,1,1,1078,0,1078,1078,1078.0,0.0,0,0,1078.0,0.0,1078.0,1,0.0,0.0,0,0,0,0.0,0.0,1670912120.766179,1670912120.766179,0,0.0,0.0,1670912120.766179,0,0,0,0,0,0,0,1,1,1078,1078,1078.0,0.0,0.0,0,2,0,0,0,0,0,0,1,1078.0,1024.0,1024.0,0,0,0,0,0,0,1.0,1078.0,1.0,0.0,8192,8192,1,1064,0.0,0.0,0.0,0.0,0,0,0,0,None
127.0.0.1:53150<->127.0.0.1:53150,127.0.0.1,53150,127.0.0.1,1729,TCP,0,1,1,1,1078,0,1078,1078,1078.0,0.0,0,0,1078.0,0.0,1078.0,1,0.0,0.0,0,0,0,0.0,0.0,1670912120.767908,1670912120.767908,0,0.0,0.0,1670912120.767908,0,0,0,0,0,0,0,1,1,1078,1078,1078.0,0.0,0.0,0,2,0,0,0,0,0,0,1,1078.0,1024.0,1024.0,0,0,0,0,0,0,1.0,1078.0,1.0,0.0,8192,8192,1,1064,0.0,0.0,0.0,0.0,0,0,0,0,None
127.0.0.1:42587<->127.0.0.1:42587,127.0.0.1,42587,127.0.0.1,1729,TCP,0,1,1,1,1078,0,1078,1078,1078.0,0.0,0,0,1078.0,0.0,1078.0,1,0.0,0.0,0,0,0,0.0,0.0,1670912120.765437,1670912120.765437,0,0.0,0.0,1670912120.765437,0,0,0,0,0,0,0,1,1,1078,1078,1078.0,0.0,0.0,0,2,0,0,0,0,0,0,1,1078.0,1024.0,1024.0,0,0,0,0,0,0,1.0,1078.0,1.0,0.0,8192,8192,1,1064,0.0,0.0,0.0,0.0,0,0,0,0,None
127.0.0.1:59471<->127.0.0.1:59471,127.0.0.1,59471,127.0.0.1,1729,TCP,0,1,1,1,1078,0,1078,1078,1078.0,0.0,0,0,1078.0,0.0,1078.0,1,0.0,0.0,0,0,0,0.0,0.0,1670912120.770139,1670912120.770139,0,0.0,0.0,1670912120.770139,0,0,0,0,0,0,0,1,1,1078,1078,1078.0,0.0,0.0,0,2,0,0,0,0,0,0,1,1078.0,1024.0,1024.0,0,0,0,0,0,0,1.0,1078.0,1.0,0.0,8192,8192,1,1064,0.0,0.0,0.0,0.0,0,0,0,0,None
127.0.0.1:63421<->127.0.0.1:63421,127.0.0.1,63421,127.0.0.1,1729,TCP,0,1,1,1,1078,0,1078,1078,1078.0,0.0,0,0,1078.0,0.0,1078.0,1,0.0,0.0,0,0,0,0.0,0.0,1670912120.771242,1670912120.771242,0,0.0,0.0,1670912120.771242,0,0,0,0,0,0,0,1,1,1078,1078,1078.0,0.0,0.0,0,2,0,0,0,0,0,0,1,1078.0,1024.0,1024.0,0,0,0,0,0,0,1.0,1078.0,1.0,0.0,8192,8192,1,1064,0.0,0.0,0.0,0.0,0,0,0,0,None
127.0.0.1:38773<->127.0.0.1:38773,127.0.0.1,38773,127.0.0.1,1729,TCP,0,1,1,1,1078,0,1078,1078,1078.0,0.0,0,0,1078.0,0.0,1078.0,1,0.0,0.0,0,0,0,0.0,0.0,1670912120.771953,1670912120.771953,0,0.0,0.0,1670912120.771953,0,0,0,0,0,0,0,1,1,1078,1078,1078.0,0.0,0.0,0,2,0,0,0,0,0,0,1,1078.0,1024.0,1024.0,0,0,0,0,0,0,1.0,1078.0,1.0,0.0,8192,8192,1,1064,0.0,0.0,0.0,0.0,0,0,0,0,None
127.0.0.1:14547<->127.0.0.1:14547,127.0.0.1,14547,127.0.0.1,1729,TCP,0,1,1,1,1078,0,1078,1078,1078.0,0.0,0,0,1078.0,0.0,1078.0,1,0.0,0.0,0,0,0,0.0,0.0,1670912120.772613,1670912120.772613,0,0.0,0.0,1670912120.772613,0,0,0,0,0,0,0,1,1,1078,1078,1078.0,0.0,0.0,0,2,0,0,0,0,0,0,1,1078.0,1024.0,1024.0,0,0,0,0,0,0,1.0,1078.0,1.0,0.0,8192,8192,1,1064,0.0,0.0,0.0,0.0,0,0,0,0,None
127.0.0.1:53615<->127.0.0.1:53615,127.0.0.1,53615,127.0.0.1,1729,TCP,0,1,1,1,1078,0,1078,1078,1078.0,0.0,0,0,1078.0,0.0,1078.0,1,0.0,0.0,0,0,0,0.0,0.0,1670912120.764818,1670912120.764818,0,0.0,0.0,1670912120.764818,0,0,0,0,0,0,0,1,1,1078,1078,1078.0,0.0,0.0,0,2,0,0,0,0,0,0,1,1078.0,1024.0,1024.0,0,0,0,0,0,0,1.0,1078.0,1.0,0.0,8192,8192,1,1064,0.0,0.0,0.0,0.0,0,0,0,0,None
127.0.0.1:5970<->127.0.0.1:5970,127.0.0.1,5970,127.0.0.1,1729,TCP,0,1,1,1,1078,0,1078,1078,1078.0,0.0,0,0,1078.0,0.0,1078.0,1,0.0,0.0,0,0,0,0.0,0.0,1670912120.766941,1670912120.766941,0,0.0,0.0,1670912120.766941,0,0,0,0,0,0,0,1,1,1078,1078,1078.0,0.0,0.0,0,2,0,0,0,0,0,0,1,1078.0,1024.0,1024.0,0,0,0,0,0,0,1.0,1078.0,1.0,0.0,8192,8192,1,1064,0.0,0.0,0.0,0.0,0,0,0,0,None
127.0.0.1:14193<->127.0.0.1:14193,127.0.0.1,14193,127.0.0.1,1729,TCP,0,1,1,1,1078,0,1078,1078,1078.0,0.0,0,0,1078.0,0.0,1078.0,1,0.0,0.0,0,0,0,0.0,0.0,1670912120.769059,1670912120.769059,0,0.0,0.0,1670912120.769059,0,0,0,0,0,0,0,1,1,1078,1078,1078.0,0.0,0.0,0,2,0,0,0,0,0,0,1,1078.0,1024.0,1024.0,0,0,0,0,0,0,1.0,1078.0,1.0,0.0,8192,8192,1,1064,0.0,0.0,0.0,0.0,0,0,0,0,None
127.0.0.1:43741<->127.0.0.1:43741,127.0.0.1,43741,127.0.0.1,1729,TCP,0,1,1,1,1078,0,1078,1078,1078.0,0.0,0,0,1078.0,0.0,1078.0,1,0.0,0.0,0,0,0,0.0,0.0,1670912120.773937,1670912120.773937,0,0.0,0.0,1670912120.773937,0,0,0,0,0,0,0,1,1,1078,1078,1078.0,0.0,0.0,0,2,0,0,0,0,0,0,1,1078.0,1024.0,1024.0,0,0,0,0,0,0,1.0,1078.0,1.0,0.0,8192,8192,1,1064,0.0,0.0,0.0,0.0,0,0,0,0,None
127.0.0.1:36326<->127.0.0.1:36326,127.0.0.1,36326,127.0.0.1,1729,TCP,0,1,1,1,1078,0,1078,1078,1078.0,0.0,0,0,1078.0,0.0,1078.0,1,0.0,0.0,0,0,0,0.0,0.0,1670912120.773302,1670912120.773302,0,0.0,0.0,1670912120.773302,0,0,0,0,0,0,0,1,1,1078,1078,1078.0,0.0,0.0,0,2,0,0,0,0,0,0,1,1078.0,1024.0,1024.0,0,0,0,0,0,0,1.0,1078.0,1.0,0.0,8192,8192,1,1064,0.0,0.0,0.0,0.0,0,0,0,0,None
127.0.0.1:11009<->127.0.0.1:11009,127.0.0.1,11009,127.0.0.1,1729,TCP,0,1,1,1,1078,0,1078,1078,1078.0,0.0,0,0,1078.0,0.0,1078.0,1,0.0,0.0,0,0,0,0.0,0.0,1670912120.775510,1670912120.775510,0,0.0,0.0,1670912120.775510,0,0,0,0,0,0,0,1,1,1078,1078,1078.0,0.0,0.0,0,2,0,0,0,0,0,0,1,1078.0,1024.0,1024.0,0,0,0,0,0,0,1.0,1078.0,1.0,0.0,8192,8192,1,1064,0.0,0.0,0.0,0.0,0,0,0,0,None
127.0.0.1:22326<->127.0.0.1:22326,127.0.0.1,22326,127.0.0.1,1729,TCP,0,1,1,1,1078,0,1078,1078,1078.0,0.0,0,0,1078.0,0.0,1078.0,1,0.0,0.0,0,0,0,0.0,0.0,1670912120.774695,1670912120.774695,0,0.0,0.0,1670912120.774695,0,0,0,0,0,0,0,1,1,1078,1078,1078.0,0.0,0.0,0,2,0,0,0,0,0,0,1,1078.0,1024.0,1024.0,0,0,0,0,0,0,1.0,1078.0,1.0,0.0,8192,8192,1,1064,0.0,0.0,0.0,0.0,0,0,0,0,None
127.0.0.1:15978<->127.0.0.1:15978,127.0.0.1,15978,127.0.0.1,1729,TCP,0,1,1,1,1078,0,1078,1078,1078.0,0.0,0,0,1078.0,0.0,1078.0,1,0.0,0.0,0,0,0,0.0,0.0,1670912120.776199,1670912120.776199,0,0.0,0.0,1670912120.776199,0,0,0,0,0,0,0,1,1,1078,1078,1078.0,0.0,0.0,0,2,0,0,0,0,0,0,1,1078.0,1024.0,1024.0,0,0,0,0,0,0,1.0,1078.0,1.0,0.0,8192,8192,1,1064,0.0,0.0,0.0,0.0,0,0,0,0,None
127.0.0.1:8112<->127.0.0.1:8112,127.0.0.1,8112,127.0.0.1,1729,TCP,0,1,1,1,1078,0,1078,1078,1078.0,0.0,0,0,1078.0,0.0,1078.0,1,0.0,0.0,0,0,0,0.0,0.0,1670912120.776833,1670912120.776833,0,0.0,0.0,1670912120.776833,0,0,0,0,0,0,0,1,1,1078,1078,1078.0,0.0,0.0,0,2,0,0,0,0,0,0,1,1078.0,1024.0,1024.0,0,0,0,0,0,0,1.0,1078.0,1.0,0.0,8192,8192,1,1064,0.0,0.0,0.0,0.0,0,0,0,0,None
127.0.0.1:58425<->127.0.0.1:58425,127.0.0.1,58425,127.0.0.1,1729,TCP,0,1,1,1,1078,0,1078,1078,1078.0,0.0,0,0,1078.0,0.0,1078.0,1,0.0,0.0,0,0,0,0.0,0.0,1670912120.778926,1670912120.778926,0,0.0,0.0,1670912120.778926,0,0,0,0,0,0,0,1,1,1078,1078,1078.0,0.0,0.0,0,2,0,0,0,0,0,0,1,1078.0,1024.0,1024.0,0,0,0,0,0,0,1.0,1078.0,1.0,0.0,8192,8192,1,1064,0.0,0.0,0.0,0.0,0,0,0,0,None
127.0.0.1:43998<->127.0.0.1:43998,127.0.0.1,43998,127.0.0.1,1729,TCP,0,1,1,1,1078,0,1078,1078,1078.0,0.0,0,0,1078.0,0.0,1078.0,1,0.0,0.0,0,0,0,0.0,0.0,1670912120.778258,1670912120.778258,0,0.0,0.0,1670912120.778258,0,0,0,0,0,0,0,1,1,1078,1078,1078.0,0.0,0.0,0,2,0,0,0,0,0,0,1,1078.0,1024.0,1024.0,0,0,0,0,0,0,1.0,1078.0,1.0,0.0,8192,8192,1,1064,0.0,0.0,0.0,0.0,0,0,0,0,None
127.0.0.1:25136<->127.0.0.1:25136,127.0.0.1,25136,127.0.0.1,1729,TCP,0,1,1,1,1078,0,1078,1078,1078.0,0.0,0,0,1078.0,0.0,1078.0,1,0.0,0.0,0,0,0,0.0,0.0,1670912120.779601,1670912120.779601,0,0.0,0.0,1670912120.779601,0,0,0,0,0,0,0,1,1,1078,1078,1078.0,0.0,0.0,0,2,0,0,0,0,0,0,1,1078.0,1024.0,1024.0,0,0,0,0,0,0,1.0,1078.0,1.0,0.0,8192,8192,1,1064,0.0,0.0,0.0,0.0,0,0,0,0,None
127.0.0.1:57317<->127.0.0.1:57317,127.0.0.1,57317,127.0.0.1,1729,TCP,0,1,1,1,1078,0,1078,1078,1078.0,0.0,0,0,1078.0,0.0,1078.0,1,0.0,0.0,0,0,0,0.0,0.0,1670912120.777513,1670912120.777513,0,0.0,0.0,1670912120.777513,0,0,0,0,0,0,0,1,1,1078,1078,1078.0,0.0,0.0,0,2,0,0,0,0,0,0,1,1078.0,1024.0,1024.0,0,0,0,0,0,0,1.0,1078.0,1.0,0.0,8192,8192,1,1064,0.0,0.0,0.0,0.0,0,0,0,0,None
127.0.0.1:19423<->127.0.0.1:19423,127.0.0.1,19423,127.0.0.1,1729,TCP,0,1,1,1,1078,0,1078,1078,1078.0,0.0,0,0,1078.0,0.0,1078.0,1,0.0,0.0,0,0,0,0.0,0.0,1670912120.781085,1670912120.781085,0,0.0,0.0,1670912120.781085,0,0,0,0,0,0,0,1,1,1078,1078,1078.0,0.0,0.0,0,2,0,0,0,0,0,0,1,1078.0,1024.0,1024.0,0,0,0,0,0,0,1.0,1078.0,1.0,0.0,8192,8192,1,1064,0.0,0.0,0.0,0.0,0,0,0,0,None
127.0.0.1:30862<->127.0.0.1:30862,127.0.0.1,30862,127.0.0.1,1729,TCP,0,1,1,1,1078,0,1078,1078,1078.0,0.0,0,0,1078.0,0.0,1078.0,1,0.0,0.0,0,0,0,0.0,0.0,1670912120.780258,1670912120.780258,0,0.0,0.0,1670912120.780258,0,0,0,0,0,0,0,1,1,1078,1078,1078.0,0.0,0.0,0,2,0,0,0,0,0,0,1,1078.0,1024.0,1024.0,0,0,0,0,0,0,1.0,1078.0,1.0,0.0,8192,8192,1,1064,0.0,0.0,0.0,0.0,0,0,0,0,None
127.0.0.1:2592<->127.0.0.1:2592,127.0.0.1,2592,127.0.0.1,1729,TCP,0,1,1,1,1078,0,1078,1078,1078.0,0.0,0,0,1078.0,0.0,1078.0,1,0.0,0.0,0,0,0,0.0,0.0,1670912120.781750,1670912120.781750,0,0.0,0.0,1670912120.781750,0,0,0,0,0,0,0,1,1,1078,1078,1078.0,0.0,0.0,0,2,0,0,0,0,0,0,1,1078.0,1024.0,1024.0,0,0,0,0,0,0,1.0,1078.0,1.0,0.0,8192,8192,1,1064,0.0,0.0,0.0,0.0,0,0,0,0,None
127.0.0.1:10203<->127.0.0.1:10203,127.0.0.1,10203,127.0.0.1,1729,TCP,0,1,1,1,1078,0,1078,1078,1078.0,0.0,0,0,1078.0,0.0,1078.0,1,0.0,0.0,0,0,0,0.0,0.0,1670912120.784433,1670912120.784433,0,0.0,0.0,1670912120.784433,0,0,0,0,0,0,0,1,1,1078,1078,1078.0,0.0,0.0,0,2,0,0,0,0,0,0,1,1078.0,1024.0,1024.0,0,0,0,0,0,0,1.0,1078.0,1.0,0.0,8192,8192,1,1064,0.0,0.0,0.0,0.0,0,0,0,0,None
127.0.0.1:43220<->127.0.0.1:43220,127.0.0.1,43220,127.0.0.1,1729,TCP,0,1,1,1,1078,0,1078,1078,1078.0,0.0,0,0,1078.0,0.0,1078.0,1,0.0,0.0,0,0,0,0.0,0.0,1670912120.783756,1670912120.783756,0,0.0,0.0,1670912120.783756,0,0,0,0,0,0,0,1,1,1078,1078,1078.0,0.0,0.0,0,2,0,0,0,0,0,0,1,1078.0,1024.0,1024.0,0,0,0,0,0,0,1.0,1078.0,1.0,0.0,8192,8192,1,1064,0.0,0.0,0.0,0.0,0,0,0,0,None
127.0.0.1:59966<->127.0.0.1:59966,127.0.0.1,59966,127.0.0.1,1729,TCP,0,1,1,1,1078,0,1078,1078,1078.0,0.0,0,0,1078.0,0.0,1078.0,1,0.0,0.0,0,0,0,0.0,0.0,1670912120.785086,1670912120.785086,0,0.0,0.0,1670912120.785086,0,0,0,0,0,0,0,1,1,1078,1078,1078.0,0.0,0.0,0,2,0,0,0,0,0,0,1,1078.0,1024.0,1024.0,0,0,0,0,0,0,1.0,1078.0,1.0,0.0,8192,8192,1,1064,0.0,0.0,0.0,0.0,0,0,0,0,None
127.0.0.1:27370<->127.0.0.1:27370,127.0.0.1,27370,127.0.0.1,1729,TCP,0,1,1,1,1078,0,1078,1078,1078.0,0.0,0,0,1078.0,0.0,1078.0,1,0.0,0.0,0,0,0,0.0,0.0,1670912120.782493,1670912120.782493,0,0.0,0.0,1670912120.782493,0,0,0,0,0,0,0,1,1,1078,1078,1078.0,0.0,0.0,0,2,0,0,0,0,0,0,1,1078.0,1024.0,1024.0,0,0,0,0,0,0,1.0,1078.0,1.0,0.0,8192,8192,1,1064,0.0,0.0,0.0,0.0,0,0,0,0,None
127.0.0.1:25903<->127.0.0.1:25903,127.0.0.1,25903,127.0.0.1,1729,TCP,0,1,1,1,1078,0,1078,1078,1078.0,0.0,0,0,1078.0,0.0,1078.0,1,0.0,0.0,0,0,0,0.0,0.0,1670912120.783150,1670912120.783150,0,0.0,0.0,1670912120.783150,0,0,0,0,0,0,0,1,1,1078,1078,1078.0,0.0,0.0,0,2,0,0,0,0,0,0,1,1078.0,1024.0,1024.0,0,0,0,0,0,0,1.0,1078.0,1.0,0.0,8192,8192,1,1064,0.0,0.0,0.0,0.0,0,0,0,0,None
127.0.0.1:21647<->127.0.0.1:21647,127.0.0.1,21647,127.0.0.1,1729,TCP,0,1,1,1,1078,0,1078,1078,1078.0,0.0,0,0,1078.0,0.0,1078.0,1,0.0,0.0,0,0,0,0.0,0.0,1670912120.788678,1670912120.788678,0,0.0,0.0,1670912120.788678,0,0,0,0,0,0,0,1,1,1078,1078,1078.0,0.0,0.0,0,2,0,0,0,0,0,0,1,1078.0,1024.0,1024.0,0,0,0,0,0,0,1.0,1078.0,1.0,0.0,8192,8192,1,1064,0.0,0.0,0.0,0.0,0,0,0,0,None
127.0.0.1:14908<->127.0.0.1:14908,127.0.0.1,14908,127.0.0.1,1729,TCP,0,1,1,1,1078,0,1078,1078,1078.0,0.0,0,0,1078.0,0.0,1078.0,1,0.0,0.0,0,0,0,0.0,0.0,1670912120.788042,1670912120.788042,0,0.0,0.0,1670912120.788042,0,0,0,0,0,0,0,1,1,1078,1078,1078.0,0.0,0.0,0,2,0,0,0,0,0,0,1,1078.0,1024.0,1024.0,0,0,0,0,0,0,1.0,1078.0,1.0,0.0,8192,8192,1,1064,0.0,0.0,0.0,0.0,0,0,0,0,None
127.0.0.1:46711<->127.0.0.1:46711,127.0.0.1,46711,127.0.0.1,1729,TCP,0,1,1,1,1078,0,1078,1078,1078.0,0.0,0,0,1078.0,0.0,1078.0,1,0.0,0.0,0,0,0,0.0,0.0,1670912120.786956,1670912120.786956,0,0.0,0.0,1670912120.786956,0,0,0,0,0,0,0,1,1,1078,1078,1078.0,0.0,0.0,0,2,0,0,0,0,0,0,1,1078.0,1024.0,1024.0,0,0,0,0,0,0,1.0,1078.0,1.0,0.0,8192,8192,1,1064,0.0,0.0,0.0,0.0,0,0,0,0,None
127.0.0.1:47782<->127.0.0.1:47782,127.0.0.1,47782,127.0.0.1,1729,TCP,0,1,1,1,1078,0,1078,1078,1078.0,0.0,0,0,1078.0,0.0,1078.0,1,0.0,0.0,0,0,0,0.0,0.0,1670912120.789372,1670912120.789372,0,0.0,0.0,1670912120.789372,0,0,0,0,0,0,0,1,1,1078,1078,1078.0,0.0,0.0,0,2,0,0,0,0,0,0,1,1078.0,1024.0,1024.0,0,0,0,0,0,0,1.0,1078.0,1.0,0.0,8192,8192,1,1064,0.0,0.0,0.0,0.0,0,0,0,0,None
127.0.0.1:1219<->127.0.0.1:1219,127.0.0.1,1219,127.0.0.1,1729,TCP,0,1,1,1,1078,0,1078,1078,1078.0,0.0,0,0,1078.0,0.0,1078.0,1,0.0,0.0,0,0,0,0.0,0.0,1670912120.785696,1670912120.785696,0,0.0,0.0,1670912120.785696,0,0,0,0,0,0,0,1,1,1078,1078,1078.0,0.0,0.0,0,2,0,0,0,0,0,0,1,1078.0,1024.0,1024.0,0,0,0,0,0,0,1.0,1078.0,1.0,0.0,8192,8192,1,1064,0.0,0.0,0.0,0.0,0,0,0,0,None
127.0.0.1:45691<->127.0.0.1:45691,127.0.0.1,45691,127.0.0.1,1729,TCP,0,1,1,1,1078,0,1078,1078,1078.0,0.0,0,0,1078.0,0.0,1078.0,1,0.0,0.0,0,0,0,0.0,0.0,1670912120.790857,1670912120.790857,0,0.0,0.0,1670912120.790857,0,0,0,0,0,0,0,1,1,1078,1078,1078.0,0.0,0.0,0,2,0,0,0,0,0,0,1,1078.0,1024.0,1024.0,0,0,0,0,0,0,1.0,1078.0,1.0,0.0,8192,8192,1,1064,0.0,0.0,0.0,0.0,0,0,0,0,None
127.0.0.1:30352<->127.0.0.1:30352,127.0.0.1,30352,127.0.0.1,1729,TCP,0,1,1,1,1078,0,1078,1078,1078.0,0.0,0,0,1078.0,0.0,1078.0,1,0.0,0.0,0,0,0,0.0,0.0,1670912120.791519,1670912120.791519,0,0.0,0.0,1670912120.791519,0,0,0,0,0,0,0,1,1,1078,1078,1078.0,0.0,0.0,0,2,0,0,0,0,0,0,1,1078.0,1024.0,1024.0,0,0,0,0,0,0,1.0,1078.0,1.0,0.0,8192,8192,1,1064,0.0,0.0,0.0,0.0,0,0,0,0,None
127.0.0.1:62446<->127.0.0.1:62446,127.0.0.1,62446,127.0.0.1,1729,TCP,0,1,1,1,1078,0,1078,1078,1078.0,0.0,0,0,1078.0,0.0,1078.0,1,0.0,0.0,0,0,0,0.0,0.0,1670912120.793234,1670912120.793234,0,0.0,0.0,1670912120.793234,0,0,0,0,0,0,0,1,1,1078,1078,1078.0,0.0,0.0,0,2,0,0,0,0,0,0,1,1078.0,1024.0,1024.0,0,0,0,0,0,0,1.0,1078.0,1.0,0.0,8192,8192,1,1064,0.0,0.0,0.0,0.0,0,0,0,0,None
127.0.0.1:44824<->127.0.0.1:44824,127.0.0.1,44824,127.0.0.1,1729,TCP,0,1,1,1,1078,0,1078,1078,1078.0,0.0,0,0,1078.0,0.0,1078.0,1,0.0,0.0,0,0,0,0.0,0.0,1670912120.790140,1670912120.790140,0,0.0,0.0,1670912120.790140,0,0,0,0,0,0,0,1,1,1078,1078,1078.0,0.0,0.0,0,2,0,0,0,0,0,0,1,1078.0,1024.0,1024.0,0,0,0,0,0,0,1.0,1078.0,1.0,0.0,8192,8192,1,1064,0.0,0.0,0.0,0.0,0,0,0,0,None
127.0.0.1:55060<->127.0.0.1:55060,127.0.0.1,55060,127.0.0.1,1729,TCP,0,1,1,1,1078,0,1078,1078,1078.0,0.0,0,0,1078.0,0.0,1078.0,1,0.0,0.0,0,0,0,0.0,0.0,1670912120.794659,1670912120.794659,0,0.0,0.0,1670912120.794659,0,0,0,0,0,0,0,1,1,1078,1078,1078.0,0.0,0.0,0,2,0,0,0,0,0,0,1,1078.0,1024.0,1024.0,0,0,0,0,0,0,1.0,1078.0,1.0,0.0,8192,8192,1,1064,0.0,0.0,0.0,0.0,0,0,0,0,None
127.0.0.1:4061<->127.0.0.1:4061,127.0.0.1,4061,127.0.0.1,1729,TCP,0,1,1,1,1078,0,1078,1078,1078.0,0.0,0,0,1078.0,0.0,1078.0,1,0.0,0.0,0,0,0,0.0,0.0,1670912120.792310,1670912120.792310,0,0.0,0.0,1670912120.792310,0,0,0,0,0,0,0,1,1,1078,1078,1078.0,0.0,0.0,0,2,0,0,0,0,0,0,1,1078.0,1024.0,1024.0,0,0,0,0,0,0,1.0,1078.0,1.0,0.0,8192,8192,1,1064,0.0,0.0,0.0,0.0,0,0,0,0,None
127.0.0.1:6427<->127.0.0.1:6427,127.0.0.1,6427,127.0.0.1,1729,TCP,0,1,1,1,1078,0,1078,1078,1078.0,0.0,0,0,1078.0,0.0,1078.0,1,0.0,0.0,0,0,0,0.0,0.0,1670912120.793929,1670912120.793929,0,0.0,0.0,1670912120.793929,0,0,0,0,0,0,0,1,1,1078,1078,1078.0,0.0,0.0,0,2,0,0,0,0,0,0,1,1078.0,1024.0,1024.0,0,0,0,0,0,0,1.0,1078.0,1.0,0.0,8192,8192,1,1064,0.0,0.0,0.0,0.0,0,0,0,0,None
127.0.0.1:21418<->127.0.0.1:21418,127.0.0.1,21418,127.0.0.1,1729,TCP,0,1,1,1,1078,0,1078,1078,1078.0,0.0,0,0,1078.0,0.0,1078.0,1,0.0,0.0,0,0,0,0.0,0.0,1670912120.795961,1670912120.795961,0,0.0,0.0,1670912120.795961,0,0,0,0,0,0,0,1,1,1078,1078,1078.0,0.0,0.0,0,2,0,0,0,0,0,0,1,1078.0,1024.0,1024.0,0,0,0,0,0,0,1.0,1078.0,1.0,0.0,8192,8192,1,1064,0.0,0.0,0.0,0.0,0,0,0,0,None
127.0.0.1:45700<->127.0.0.1:45700,127.0.0.1,45700,127.0.0.1,1729,TCP,0,1,1,1,1078,0,1078,1078,1078.0,0.0,0,0,1078.0,0.0,1078.0,1,0.0,0.0,0,0,0,0.0,0.0,1670912120.797932,1670912120.797932,0,0.0,0.0,1670912120.797932,0,0,0,0,0,0,0,1,1,1078,1078,1078.0,0.0,0.0,0,2,0,0,0,0,0,0,1,1078.0,1024.0,1024.0,0,0,0,0,0,0,1.0,1078.0,1.0,0.0,8192,8192,1,1064,0.0,0.0,0.0,0.0,0,0,0,0,None
127.0.0.1:54919<->127.0.0.1:54919,127.0.0.1,54919,127.0.0.1,1729,TCP,0,1,1,1,1078,0,1078,1078,1078.0,0.0,0,0,1078.0,0.0,1078.0,1,0.0,0.0,0,0,0,0.0,0.0,1670912120.796609,1670912120.796609,0,0.0,0.0,1670912120.796609,0,0,0,0,0,0,0,1,1,1078,1078,1078.0,0.0,0.0,0,2,0,0,0,0,0,0,1,1078.0,1024.0,1024.0,0,0,0,0,0,0,1.0,1078.0,1.0,0.0,8192,8192,1,1064,0.0,0.0,0.0,0.0,0,0,0,0,None
127.0.0.1:54478<->127.0.0.1:54478,127.0.0.1,54478,127.0.0.1,1729,TCP,0,1,1,1,1078,0,1078,1078,1078.0,0.0,0,0,1078.0,0.0,1078.0,1,0.0,0.0,0,0,0,0.0,0.0,1670912120.795299,1670912120.795299,0,0.0,0.0,1670912120.795299,0,0,0,0,0,0,0,1,1,1078,1078,1078.0,0.0,0.0,0,2,0,0,0,0,0,0,1,1078.0,1024.0,1024.0,0,0,0,0,0,0,1.0,1078.0,1.0,0.0,8192,8192,1,1064,0.0,0.0,0.0,0.0,0,0,0,0,None
127.0.0.1:3979<->127.0.0.1:3979,127.0.0.1,3979,127.0.0.1,1729,TCP,0,1,1,1,1078,0,1078,1078,1078.0,0.0,0,0,1078.0,0.0,1078.0,1,0.0,0.0,0,0,0,0.0,0.0,1670912120.797254,1670912120.797254,0,0.0,0.0,1670912120.797254,0,0,0,0,0,0,0,1,1,1078,1078,1078.0,0.0,0.0,0,2,0,0,0,0,0,0,1,1078.0,1024.0,1024.0,0,0,0,0,0,0,1.0,1078.0,1.0,0.0,8192,8192,1,1064,0.0,0.0,0.0,0.0,0,0,0,0,None
127.0.0.1:29427<->127.0.0.1:29427,127.0.0.1,29427,127.0.0.1,1729,TCP,0,1,1,1,1078,0,1078,1078,1078.0,0.0,0,0,1078.0,0.0,1078.0,1,0.0,0.0,0,0,0,0.0,0.0,1670912120.798809,1670912120.798809,0,0.0,0.0,1670912120.798809,0,0,0,0,0,0,0,1,1,1078,1078,1078.0,0.0,0.0,0,2,0,0,0,0,0,0,1,1078.0,1024.0,1024.0,0,0,0,0,0,0,1.0,1078.0,1.0,0.0,8192,8192,1,1064,0.0,0.0,0.0,0.0,0,0,0,0,None
127.0.0.1:16579<->127.0.0.1:16579,127.0.0.1,16579,127.0.0.1,1729,TCP,0,1,1,1,1078,0,1078,1078,1078.0,0.0,0,0,1078.0,0.0,1078.0,1,0.0,0.0,0,0,0,0.0,0.0,1670912120.799458,1670912120.799458,0,0.0,0.0,1670912120.799458,0,0,0,0,0,0,0,1,1,1078,1078,1078.0,0.0,0.0,0,2,0,0,0,0,0,0,1,1078.0,1024.0,1024.0,0,0,0,0,0,0,1.0,1078.0,1.0,0.0,8192,8192,1,1064,0.0,0.0,0.0,0.0,0,0,0,0,None
127.0.0.1:6574<->127.0.0.1:6574,127.0.0.1,6574,127.0.0.1,1729,TCP,0,1,1,1,1078,0,1078,1078,1078.0,0.0,0,0,1078.0,0.0,1078.0,1,0.0,0.0,0,0,0,0.0,0.0,1670912120.802203,1670912120.802203,0,0.0,0.0,1670912120.802203,0,0,0,0,0,0,0,1,1,1078,1078,1078.0,0.0,0.0,0,2,0,0,0,0,0,0,1,1078.0,1024.0,1024.0,0,0,0,0,0,0,1.0,1078.0,1.0,0.0,8192,8192,1,1064,0.0,0.0,0.0,0.0,0,0,0,0,None
127.0.0.1:61213<->127.0.0.1:61213,127.0.0.1,61213,127.0.0.1,1729,TCP,0,1,1,1,1078,0,1078,1078,1078.0,0.0,0,0,1078.0,0.0,1078.0,1,0.0,0.0,0,0,0,0.0,0.0,1670912120.800126,1670912120.800126,0,0.0,0.0,1670912120.800126,0,0,0,0,0,0,0,1,1,1078,1078,1078.0,0.0,0.0,0,2,0,0,0,0,0,0,1,1078.0,1024.0,1024.0,0,0,0,0,0,0,1.0,1078.0,1.0,0.0,8192,8192,1,1064,0.0,0.0,0.0,0.0,0,0,0,0,None
127.0.0.1:24069<->127.0.0.1:24069,127.0.0.1,24069,127.0.0.1,1729,TCP,0,1,1,1,1078,0,1078,1078,1078.0,0.0,0,0,1078.0,0.0,1078.0,1,0.0,0.0,0,0,0,0.0,0.0,1670912120.802884,1670912120.802884,0,0.0,0.0,1670912120.802884,0,0,0,0,0,0,0,1,1,1078,1078,1078.0,0.0,0.0,0,2,0,0,0,0,0,0,1,1078.0,1024.0,1024.0,0,0,0,0,0,0,1.0,1078.0,1.0,0.0,8192,8192,1,1064,0.0,0.0,0.0,0.0,0,0,0,0,None
127.0.0.1:10843<->127.0.0.1:10843,127.0.0.1,10843,127.0.0.1,1729,TCP,0,1,1,1,1078,0,1078,1078,1078.0,0.0,0,0,1078.0,0.0,1078.0,1,0.0,0.0,0,0,0,0.0,0.0,1670912120.801525,1670912120.801525,0,0.0,0.0,1670912120.801525,0,0,0,0,0,0,0,1,1,1078,1078,1078.0,0.0,0.0,0,2,0,0,0,0,0,0,1,1078.0,1024.0,1024.0,0,0,0,0,0,0,1.0,1078.0,1.0,0.0,8192,8192,1,1064,0.0,0.0,0.0,0.0,0,0,0,0,None
127.0.0.1:30883<->127.0.0.1:30883,127.0.0.1,30883,127.0.0.1,1729,TCP,0,1,1,1,1078,0,1078,1078,1078.0,0.0,0,0,1078.0,0.0,1078.0,1,0.0,0.0,0,0,0,0.0,0.0,1670912120.803545,1670912120.803545,0,0.0,0.0,1670912120.803545,0,0,0,0,0,0,0,1,1,1078,1078,1078.0,0.0,0.0,0,2,0,0,0,0,0,0,1,1078.0,1024.0,1024.0,0,0,0,0,0,0,1.0,1078.0,1.0,0.0,8192,8192,1,1064,0.0,0.0,0.0,0.0,0,0,0,0,None
127.0.0.1:28811<->127.0.0.1:28811,127.0.0.1,28811,127.0.0.1,1729,TCP,0,1,1,1,1078,0,1078,1078,1078.0,0.0,0,0,1078.0,0.0,1078.0,1,0.0,0.0,0,0,0,0.0,0.0,1670912120.800855,1670912120.800855,0,0.0,0.0,1670912120.800855,0,0,0,0,0,0,0,1,1,1078,1078,1078.0,0.0,0.0,0,2,0,0,0,0,0,0,1,1078.0,1024.0,1024.0,0,0,0,0,0,0,1.0,1078.0,1.0,0.0,8192,8192,1,1064,0.0,0.0,0.0,0.0,0,0,0,0,None
127.0.0.1:31292<->127.0.0.1:31292,127.0.0.1,31292,127.0.0.1,1729,TCP,0,1,1,1,1078,0,1078,1078,1078.0,0.0,0,0,1078.0,0.0,1078.0,1,0.0,0.0,0,0,0,0.0,0.0,1670912120.804541,1670912120.804541,0,0.0,0.0,1670912120.804541,0,0,0,0,0,0,0,1,1,1078,1078,1078.0,0.0,0.0,0,2,0,0,0,0,0,0,1,1078.0,1024.0,1024.0,0,0,0,0,0,0,1.0,1078.0,1.0,0.0,8192,8192,1,1064,0.0,0.0,0.0,0.0,0,0,0,0,None
127.0.0.1:42681<->127.0.0.1:42681,127.0.0.1,42681,127.0.0.1,1729,TCP,0,1,1,1,1078,0,1078,1078,1078.0,0.0,0,0,1078.0,0.0,1078.0,1,0.0,0.0,0,0,0,0.0,0.0,1670912120.805892,1670912120.805892,0,0.0,0.0,1670912120.805892,0,0,0,0,0,0,0,1,1,1078,1078,1078.0,0.0,0.0,0,2,0,0,0,0,0,0,1,1078.0,1024.0,1024.0,0,0,0,0,0,0,1.0,1078.0,1.0,0.0,8192,8192,1,1064,0.0,0.0,0.0,0.0,0,0,0,0,None
127.0.0.1:52002<->127.0.0.1:52002,127.0.0.1,52002,127.0.0.1,1729,TCP,0,1,1,1,1078,0,1078,1078,1078.0,0.0,0,0,1078.0,0.0,1078.0,1,0.0,0.0,0,0,0,0.0,0.0,1670912120.806635,1670912120.806635,0,0.0,0.0,1670912120.806635,0,0,0,0,0,0,0,1,1,1078,1078,1078.0,0.0,0.0,0,2,0,0,0,0,0,0,1,1078.0,1024.0,1024.0,0,0,0,0,0,0,1.0,1078.0,1.0,0.0,8192,8192,1,1064,0.0,0.0,0.0,0.0,0,0,0,0,None
127.0.0.1:52296<->127.0.0.1:52296,127.0.0.1,52296,127.0.0.1,1729,TCP,0,1,1,1,1078,0,1078,1078,1078.0,0.0,0,0,1078.0,0.0,1078.0,1,0.0,0.0,0,0,0,0.0,0.0,1670912120.805237,1670912120.805237,0,0.0,0.0,1670912120.805237,0,0,0,0,0,0,0,1,1,1078,1078,1078.0,0.0,0.0,0,2,0,0,0,0,0,0,1,1078.0,1024.0,1024.0,0,0,0,0,0,0,1.0,1078.0,1.0,0.0,8192,8192,1,1064,0.0,0.0,0.0,0.0,0,0,0,0,None
127.0.0.1:59652<->127.0.0.1:59652,127.0.0.1,59652,127.0.0.1,1729,TCP,0,1,1,1,1078,0,1078,1078,1078.0,0.0,0,0,1078.0,0.0,1078.0,1,0.0,0.0,0,0,0,0.0,0.0,1670912120.807281,1670912120.807281,0,0.0,0.0,1670912120.807281,0,0,0,0,0,0,0,1,1,1078,1078,1078.0,0.0,0.0,0,2,0,0,0,0,0,0,1,1078.0,1024.0,1024.0,0,0,0,0,0,0,1.0,1078.0,1.0,0.0,8192,8192,1,1064,0.0,0.0,0.0,0.0,0,0,0,0,None
127.0.0.1:16738<->127.0.0.1:16738,127.0.0.1,16738,127.0.0.1,1729,TCP,0,1,1,1,1078,0,1078,1078,1078.0,0.0,0,0,1078.0,0.0,1078.0,1,0.0,0.0,0,0,0,0.0,0.0,1670912120.808581,1670912120.808581,0,0.0,0.0,1670912120.808581,0,0,0,0,0,0,0,1,1,1078,1078,1078.0,0.0,0.0,0,2,0,0,0,0,0,0,1,1078.0,1024.0,1024.0,0,0,0,0,0,0,1.0,1078.0,1.0,0.0,8192,8192,1,1064,0.0,0.0,0.0,0.0,0,0,0,0,None
127.0.0.1:3509<->127.0.0.1:3509,127.0.0.1,3509,127.0.0.1,1729,TCP,0,1,1,1,1078,0,1078,1078,1078.0,0.0,0,0,1078.0,0.0,1078.0,1,0.0,0.0,0,0,0,0.0,0.0,1670912120.809225,1670912120.809225,0,0.0,0.0,1670912120.809225,0,0,0,0,0,0,0,1,1,1078,1078,1078.0,0.0,0.0,0,2,0,0,0,0,0,0,1,1078.0,1024.0,1024.0,0,0,0,0,0,0,1.0,1078.0,1.0,0.0,8192,8192,1,1064,0.0,0.0,0.0,0.0,0,0,0,0,None
127.0.0.1:28136<->127.0.0.1:28136,127.0.0.1,28136,127.0.0.1,1729,TCP,0,1,1,1,1078,0,1078,1078,1078.0,0.0,0,0,1078.0,0.0,1078.0,1,0.0,0.0,0,0,0,0.0,0.0,1670912120.810939,1670912120.810939,0,0.0,0.0,1670912120.810939,0,0,0,0,0,0,0,1,1,1078,1078,1078.0,0.0,0.0,0,2,0,0,0,0,0,0,1,1078.0,1024.0,1024.0,0,0,0,0,0,0,1.0,1078.0,1.0,0.0,8192,8192,1,1064,0.0,0.0,0.0,0.0,0,0,0,0,None
127.0.0.1:59449<->127.0.0.1:59449,127.0.0.1,59449,127.0.0.1,1729,TCP,0,1,1,1,1078,0,1078,1078,1078.0,0.0,0,0,1078.0,0.0,1078.0,1,0.0,0.0,0,0,0,0.0,0.0,1670912120.810213,1670912120.810213,0,0.0,0.0,1670912120.810213,0,0,0,0,0,0,0,1,1,1078,1078,1078.0,0.0,0.0,0,2,0,0,0,0,0,0,1,1078.0,1024.0,1024.0,0,0,0,0,0,0,1.0,1078.0,1.0,0.0,8192,8192,1,1064,0.0,0.0,0.0,0.0,0,0,0,0,None
127.0.0.1:38215<->127.0.0.1:38215,127.0.0.1,38215,127.0.0.1,1729,TCP,0,1,1,1,1078,0,1078,1078,1078.0,0.0,0,0,1078.0,0.0,1078.0,1,0.0,0.0,0,0,0,0.0,0.0,1670912120.807924,1670912120.807924,0,0.0,0.0,1670912120.807924,0,0,0,0,0,0,0,1,1,1078,1078,1078.0,0.0,0.0,0,2,0,0,0,0,0,0,1,1078.0,1024.0,1024.0,0,0,0,0,0,0,1.0,1078.0,1.0,0.0,8192,8192,1,1064,0.0,0.0,0.0,0.0,0,0,0,0,None
127.0.0.1:30593<->127.0.0.1:30593,127.0.0.1,30593,127.0.0.1,1729,TCP,0,1,1,1,1078,0,1078,1078,1078.0,0.0,0,0,1078.0,0.0,1078.0,1,0.0,0.0,0,0,0,0.0,0.0,1670912120.811607,1670912120.811607,0,0.0,0.0,1670912120.811607,0,0,0,0,0,0,0,1,1,1078,1078,1078.0,0.0,0.0,0,2,0,0,0,0,0,0,1,1078.0,1024.0,1024.0,0,0,0,0,0,0,1.0,1078.0,1.0,0.0,8192,8192,1,1064,0.0,0.0,0.0,0.0,0,0,0,0,None
